﻿<?xml version="1.0" encoding="utf-8"?>
<component format="1" id="xamandroidsupportv4-18">
  <name>Android Support Library v4</name>
  <publisher>Xamarin Inc.</publisher>
  <publisher-url>http://xamarin.com</publisher-url>
  <version>20.0.0</version>
  <summary>Provide backward-compatible versions of Android framework APIs.</summary>
  <samples>
    <sample id="AndroidSupportSample">
      <name>Android Support Sample</name>
      <summary>Android Support Sample</summary>
    </sample>
  </samples>
</component>