﻿<?xml version="1.0" encoding="utf-8"?>
<component format="1" id="hockeyappandroid">
  <name>HockeyApp for Android</name>
  <publisher>Xamarin Inc.</publisher>
  <publisher-url>http://xamarin.com</publisher-url>
  <version>3.5.0</version>
  <summary>HockeyApp is a platform to collect live crash reports, get feedback from your users, distribute your betas, recruit new testers, and analyze your test coverage.</summary>
  <samples>
    <sample id="HockeyAppSampleAndroid">
      <name>Android Sample</name>
      <summary>Android Sample</summary>
    </sample>
  </samples>
</component>